 Name , Age , Email Address , Join Date 
Charlie,35,frank@example.com,2023-02-06
David,34,grace@example.com,2023-03-16
Grace,36,alice@example.com,2023-02-14
David,24,eve@example.com,2023-03-16
David,22,charlie@example.com,2023-01-21
Frank,,frank@example.com,2023-01-02
Eve,30,ivy@example.com,2023-04-07
Jack,,hank@example.com,2023-01-02
,29,grace@example.com,2023-02-15
Grace,27,jack@example.com,2023-03-30
Grace,24,jack@example.com,2023-01-05
Hank,33,ivy@example.com,2023-03-01
,36,bob@example.com,2023-02-17
Alice,,,2023-04-16
Charlie,24,jack@example.com,2023-02-06
,27,charlie@example.com,2023-03-11
Hank,21,frank@example.com,2023-03-17
Jack,38,frank@example.com,2023-02-02
Charlie,23,bob@example.com,2023-03-23
,30,ivy@example.com,2023-02-01
Alice,,jack@example.com,2023-01-07
Alice,39,jack@example.com,2023-03-04
Frank,33,jack@example.com,2023-02-26
David,38,alice@example.com,2023-04-02
Grace,36,alice@example.com,2023-02-04
Charlie,22,ivy@example.com,2023-04-29
Alice,32,,2023-03-17
David,38,eve@example.com,2023-02-12
David,30,,2023-03-14
Jack,33,charlie@example.com,2023-03-26
David,39,bob@example.com,2023-03-17
Ivy,37,grace@example.com,2023-02-18
Grace,21,david@example.com,2023-04-14
David,25,grace@example.com,2023-03-01
Bob,31,frank@example.com,2023-02-25
Ivy,,hank@example.com,2023-04-21
Bob,,alice@example.com,2023-04-18
Eve,20,eve@example.com,2023-02-17
Hank,23,alice@example.com,2023-01-31
Frank,21,hank@example.com,2023-04-19
Grace,23,charlie@example.com,2023-03-13
Frank,29,hank@example.com,2023-04-27
Alice,30,hank@example.com,2023-01-19
Jack,36,hank@example.com,2023-04-19
Bob,39,david@example.com,2023-01-04
,39,grace@example.com,2023-03-09
Grace,32,alice@example.com,2023-02-02
Frank,27,hank@example.com,2023-01-23
Bob,30,,2023-03-24
Frank,20,,2023-01-09
Bob,34,ivy@example.com,2023-02-11
Charlie,28,frank@example.com,2023-04-13
David,,bob@example.com,2023-02-05
Bob,,eve@example.com,2023-02-18
Eve,25,jack@example.com,2023-04-04
Hank,27,,2023-02-08
Hank,28,jack@example.com,2023-01-24
Alice,29,eve@example.com,2023-03-30
Alice,25,bob@example.com,2023-01-03
,22,david@example.com,2023-04-27
Alice,37,jack@example.com,2023-03-26
David,32,eve@example.com,2023-04-29
Bob,27,,2023-02-16
David,,frank@example.com,2023-02-04
Grace,25,grace@example.com,2023-01-01
Ivy,30,frank@example.com,2023-03-06
Alice,34,charlie@example.com,2023-04-23
Frank,30,jack@example.com,2023-04-25
Ivy,35,,2023-01-23
Charlie,21,grace@example.com,2023-01-28
Bob,,bob@example.com,2023-01-13
David,33,,2023-01-11
Frank,,jack@example.com,2023-01-04
Grace,24,jack@example.com,2023-03-09
Grace,22,grace@example.com,2023-04-17
Grace,27,bob@example.com,2023-01-27
Jack,27,jack@example.com,2023-02-01
,31,ivy@example.com,2023-04-08
Frank,20,frank@example.com,2023-01-12
Hank,,,2023-03-14
Ivy,29,david@example.com,2023-03-10
Alice,22,jack@example.com,2023-01-15
Charlie,25,ivy@example.com,2023-02-05
Jack,38,ivy@example.com,2023-01-29
Charlie,24,ivy@example.com,2023-04-04
,22,david@example.com,2023-04-11
Ivy,,david@example.com,2023-02-10
Alice,26,,2023-02-11
Ivy,23,alice@example.com,2023-02-25
Bob,30,ivy@example.com,2023-02-18
David,34,,2023-03-10
Alice,29,david@example.com,2023-03-12
David,27,,2023-01-01
Charlie,25,,2023-04-10
Hank,26,ivy@example.com,2023-01-17
,28,alice@example.com,2023-01-15
Grace,34,frank@example.com,2023-01-05
Hank,,,2023-03-15
Ivy,,jack@example.com,2023-04-03
Bob,39,alice@example.com,2023-04-01
Ivy,21,eve@example.com,2023-04-15
Grace,31,jack@example.com,2023-02-05
Eve,21,alice@example.com,2023-01-01
Jack,34,ivy@example.com,2023-03-16
Alice,22,david@example.com,2023-01-24
Charlie,33,,2023-02-26
Frank,20,david@example.com,2023-04-06
Jack,35,jack@example.com,2023-01-29
Frank,,grace@example.com,2023-02-13
Charlie,38,hank@example.com,2023-01-14
Hank,26,hank@example.com,2023-04-03
,25,,2023-04-18
Alice,27,grace@example.com,2023-04-03
David,32,,2023-03-20
Frank,,alice@example.com,2023-01-08
Alice,32,frank@example.com,2023-03-06
,24,charlie@example.com,2023-02-06
David,27,eve@example.com,2023-03-31
Alice,23,alice@example.com,2023-03-19
Grace,27,david@example.com,2023-01-15
Ivy,21,eve@example.com,2023-04-21
Bob,23,bob@example.com,2023-04-08
Grace,34,eve@example.com,2023-02-17
Ivy,31,eve@example.com,2023-04-14
,23,grace@example.com,2023-03-09
Frank,34,frank@example.com,2023-01-15
Jack,20,charlie@example.com,2023-02-26
Charlie,39,alice@example.com,2023-04-07
Jack,29,eve@example.com,2023-02-06
Alice,22,hank@example.com,2023-02-12
Hank,24,bob@example.com,2023-04-29
Frank,39,,2023-03-21
David,32,grace@example.com,2023-04-13
David,25,alice@example.com,2023-01-13
Grace,21,frank@example.com,2023-02-19
Alice,26,bob@example.com,2023-01-08
David,30,grace@example.com,2023-04-01
Alice,24,alice@example.com,2023-02-20
David,,,2023-04-12
Ivy,21,ivy@example.com,2023-02-13
Charlie,29,frank@example.com,2023-03-07
Alice,,jack@example.com,2023-03-07
Ivy,23,jack@example.com,2023-03-30
Hank,26,ivy@example.com,2023-03-30
Grace,34,ivy@example.com,2023-02-25
Eve,37,frank@example.com,2023-04-08
Frank,24,bob@example.com,2023-03-30
Alice,36,grace@example.com,2023-04-17
David,35,frank@example.com,2023-01-23
Hank,27,,2023-03-17
Charlie,38,eve@example.com,2023-02-20
Grace,,hank@example.com,2023-03-08
Alice,28,alice@example.com,2023-03-31
Frank,36,charlie@example.com,2023-03-01
,26,frank@example.com,2023-04-20
Grace,22,eve@example.com,2023-03-31
,,ivy@example.com,2023-04-23
Grace,37,alice@example.com,2023-03-19
Frank,38,eve@example.com,2023-01-03
Alice,32,,2023-03-15
,36,bob@example.com,2023-02-13
Ivy,29,,2023-01-26
Hank,31,ivy@example.com,2023-04-09
Alice,38,frank@example.com,2023-01-13
Hank,23,alice@example.com,2023-04-29
Alice,20,eve@example.com,2023-01-30
Alice,26,eve@example.com,2023-01-08
Jack,25,bob@example.com,2023-02-22
Frank,21,,2023-01-21
Grace,29,david@example.com,2023-02-06
Hank,31,bob@example.com,2023-03-06
Hank,24,ivy@example.com,2023-02-14
Eve,23,eve@example.com,2023-02-03
Grace,,frank@example.com,2023-04-07
Charlie,,frank@example.com,2023-04-23
Alice,,ivy@example.com,2023-02-10
Grace,25,ivy@example.com,2023-03-28
Charlie,21,david@example.com,2023-02-13
Frank,21,eve@example.com,2023-02-18
Eve,31,eve@example.com,2023-02-05
Bob,,bob@example.com,2023-03-09
Alice,20,charlie@example.com,2023-01-15
Jack,25,frank@example.com,2023-04-29
Bob,24,ivy@example.com,2023-03-29
Frank,20,frank@example.com,2023-01-20
Bob,36,eve@example.com,2023-01-02
Frank,29,frank@example.com,2023-03-07
David,25,grace@example.com,2023-04-29
David,,frank@example.com,2023-02-27
Grace,31,bob@example.com,2023-04-18
David,38,charlie@example.com,2023-01-24
Eve,39,bob@example.com,2023-04-02
Grace,32,hank@example.com,2023-04-27
Frank,23,jack@example.com,2023-04-19
Bob,,grace@example.com,2023-03-08
Hank,31,alice@example.com,2023-01-23
Alice,38,hank@example.com,2023-04-21
Grace,31,bob@example.com,2023-04-18
Grace,20,,2023-04-16
Alice,32,jack@example.com,2023-01-03
Frank,36,frank@example.com,2023-03-31
Bob,30,,2023-03-21
Bob,24,jack@example.com,2023-04-06
Frank,25,jack@example.com,2023-01-10
Bob,27,bob@example.com,2023-04-27
Grace,25,grace@example.com,2023-01-31
David,34,grace@example.com,2023-04-28
Bob,26,jack@example.com,2023-02-08
Charlie,,alice@example.com,2023-01-20
Ivy,31,,2023-03-11
Charlie,22,ivy@example.com,2023-04-29
Charlie,20,ivy@example.com,2023-02-03
Charlie,22,frank@example.com,2023-04-12
Frank,28,bob@example.com,2023-02-06
Alice,24,david@example.com,2023-01-21
Jack,23,bob@example.com,2023-01-21
Jack,35,jack@example.com,2023-03-16
,25,hank@example.com,2023-03-11
Bob,,david@example.com,2023-01-26
Jack,20,jack@example.com,2023-04-19
Bob,21,bob@example.com,2023-01-01
Hank,27,david@example.com,2023-01-22
Charlie,,ivy@example.com,2023-04-27
Ivy,,david@example.com,2023-01-01
Charlie,34,grace@example.com,2023-02-03
Ivy,39,grace@example.com,2023-03-04
Charlie,33,hank@example.com,2023-03-30
Ivy,25,alice@example.com,2023-03-01
Eve,,hank@example.com,2023-01-13
Alice,,frank@example.com,2023-02-27
Frank,37,grace@example.com,2023-02-05
David,,eve@example.com,2023-01-02
David,30,david@example.com,2023-03-20
,,frank@example.com,2023-03-09
Charlie,28,david@example.com,2023-04-24
Charlie,34,frank@example.com,2023-03-21
Hank,33,alice@example.com,2023-02-20
Grace,36,frank@example.com,2023-01-26
Bob,,,2023-04-15
Hank,29,hank@example.com,2023-03-25
Grace,34,frank@example.com,2023-04-16
Grace,22,eve@example.com,2023-03-31
David,23,frank@example.com,2023-03-11
Ivy,,jack@example.com,2023-01-28
Alice,22,grace@example.com,2023-02-21
David,33,jack@example.com,2023-03-01
Frank,28,alice@example.com,2023-03-09
David,,jack@example.com,2023-01-26
Eve,,bob@example.com,2023-01-15
Grace,21,david@example.com,2023-03-14
Jack,,alice@example.com,2023-03-14
Grace,32,eve@example.com,2023-01-20
Grace,27,david@example.com,2023-04-15
Frank,30,alice@example.com,2023-03-07
Frank,30,eve@example.com,2023-02-16
Eve,23,bob@example.com,2023-02-04
Bob,30,bob@example.com,2023-01-20
Eve,20,grace@example.com,2023-04-13
Grace,,,2023-04-28
Alice,35,grace@example.com,2023-02-02
Eve,20,david@example.com,2023-01-06
Ivy,38,,2023-04-24
Eve,22,eve@example.com,2023-04-12
Grace,33,ivy@example.com,2023-01-29
Alice,31,ivy@example.com,2023-03-03
Grace,21,bob@example.com,2023-02-12
Ivy,20,david@example.com,2023-03-31
Grace,34,ivy@example.com,2023-02-25
David,31,grace@example.com,2023-01-21
Hank,36,alice@example.com,2023-01-29
Ivy,32,charlie@example.com,2023-03-27
Charlie,38,frank@example.com,2023-01-28
Ivy,32,,2023-04-30
Eve,32,hank@example.com,2023-03-15
Bob,34,grace@example.com,2023-04-15
,25,frank@example.com,2023-02-19
Alice,39,jack@example.com,2023-03-04
Alice,32,bob@example.com,2023-03-19
Frank,39,eve@example.com,2023-02-18
Jack,,alice@example.com,2023-01-04
Charlie,28,grace@example.com,2023-03-01
Frank,30,charlie@example.com,2023-04-20
Hank,33,frank@example.com,2023-01-18
Bob,,david@example.com,2023-04-29
Alice,38,ivy@example.com,2023-01-08
Alice,29,ivy@example.com,2023-02-17
Frank,34,grace@example.com,2023-02-10
Ivy,24,charlie@example.com,2023-03-22
Eve,35,grace@example.com,2023-04-09
Ivy,36,eve@example.com,2023-03-17
David,25,ivy@example.com,2023-04-09
Charlie,29,frank@example.com,2023-03-07
Bob,21,charlie@example.com,2023-03-26
Hank,34,charlie@example.com,2023-02-13
Eve,33,jack@example.com,2023-04-24
Bob,22,,2023-02-15
Frank,25,charlie@example.com,2023-01-01
Alice,25,charlie@example.com,2023-03-18
Alice,32,jack@example.com,2023-01-03
Frank,38,alice@example.com,2023-02-07
Bob,21,eve@example.com,2023-01-28
David,,hank@example.com,2023-01-31
Frank,34,hank@example.com,2023-02-12
Alice,20,grace@example.com,2023-01-18
Ivy,35,eve@example.com,2023-04-18
Frank,39,eve@example.com,2023-02-11
Hank,32,frank@example.com,2023-01-15
Grace,38,jack@example.com,2023-03-12
Frank,28,bob@example.com,2023-02-06
Hank,,ivy@example.com,2023-01-30
Hank,23,eve@example.com,2023-02-23
Ivy,33,eve@example.com,2023-04-28
Hank,31,jack@example.com,2023-02-13
Ivy,34,jack@example.com,2023-01-16
,38,frank@example.com,2023-03-30
,24,jack@example.com,2023-03-05
Eve,25,grace@example.com,2023-01-08
Frank,37,frank@example.com,2023-04-15
Eve,37,hank@example.com,2023-02-24
Eve,37,charlie@example.com,2023-03-01
Jack,23,alice@example.com,2023-02-18
Alice,,grace@example.com,2023-01-02
Hank,37,alice@example.com,2023-02-08
Alice,24,david@example.com,2023-03-13
Bob,33,jack@example.com,2023-03-03
Bob,23,hank@example.com,2023-02-07
Alice,24,frank@example.com,2023-01-21
Hank,38,hank@example.com,2023-03-15
Ivy,36,,2023-02-18
Alice,24,david@example.com,2023-01-21
David,,,2023-03-17
Hank,,david@example.com,2023-01-10
Frank,25,alice@example.com,2023-02-10
Ivy,21,,2023-03-13
Charlie,34,alice@example.com,2023-01-19
Ivy,27,alice@example.com,2023-04-13
Ivy,31,david@example.com,2023-03-29
Charlie,32,frank@example.com,2023-04-10
Hank,39,frank@example.com,2023-04-23
Bob,36,,2023-01-12
Alice,25,grace@example.com,2023-02-08
Bob,30,jack@example.com,2023-02-12
Jack,30,,2023-04-08
Ivy,22,bob@example.com,2023-04-12
Alice,37,eve@example.com,2023-01-05
Eve,30,ivy@example.com,2023-04-07
Alice,28,bob@example.com,2023-04-28
David,24,alice@example.com,2023-03-13
Eve,27,ivy@example.com,2023-02-21
Hank,37,ivy@example.com,2023-01-05
Ivy,29,charlie@example.com,2023-04-16
David,36,hank@example.com,2023-02-13
Charlie,30,grace@example.com,2023-04-18
David,38,grace@example.com,2023-02-02
David,25,frank@example.com,2023-04-05
Ivy,33,alice@example.com,2023-03-12
Frank,20,jack@example.com,2023-03-25
Eve,24,alice@example.com,2023-01-25
Bob,23,eve@example.com,2023-02-16
Bob,,frank@example.com,2023-03-20
,36,grace@example.com,2023-03-02
Bob,,charlie@example.com,2023-02-06
Bob,29,ivy@example.com,2023-04-30
Charlie,28,bob@example.com,2023-02-05
Charlie,23,david@example.com,2023-03-30
Jack,22,bob@example.com,2023-03-15
Grace,36,frank@example.com,2023-03-09
Eve,21,alice@example.com,2023-01-01
David,21,david@example.com,2023-02-05
Grace,33,bob@example.com,2023-01-08
Bob,20,,2023-03-25
Alice,20,alice@example.com,2023-03-25
Alice,36,jack@example.com,2023-04-10
Frank,36,david@example.com,2023-04-25
Bob,36,hank@example.com,2023-02-05
Ivy,39,jack@example.com,2023-03-02
Ivy,22,bob@example.com,2023-04-12
Alice,,charlie@example.com,2023-03-19
Ivy,24,charlie@example.com,2023-02-05
Charlie,22,frank@example.com,2023-02-15
David,34,eve@example.com,2023-01-11
Frank,,alice@example.com,2023-04-27
Eve,27,hank@example.com,2023-01-19
Ivy,39,charlie@example.com,2023-04-23
Grace,29,bob@example.com,2023-01-24
David,38,alice@example.com,2023-04-02
Jack,34,alice@example.com,2023-01-15
Eve,29,ivy@example.com,2023-03-09
David,26,,2023-04-20
Bob,27,jack@example.com,2023-01-31
Hank,28,charlie@example.com,2023-04-08
Hank,21,david@example.com,2023-02-22
Hank,24,charlie@example.com,2023-01-10
Eve,,charlie@example.com,2023-03-14
Grace,36,frank@example.com,2023-04-11
Grace,36,frank@example.com,2023-02-14
Charlie,25,david@example.com,2023-04-10
,24,jack@example.com,2023-03-28
Alice,30,,2023-02-19
Grace,38,,2023-04-28
Charlie,37,eve@example.com,2023-02-28
Ivy,20,ivy@example.com,2023-01-07
David,20,bob@example.com,2023-02-11
Eve,28,,2023-02-12
Ivy,29,hank@example.com,2023-03-23
Eve,38,hank@example.com,2023-03-10
Frank,29,alice@example.com,2023-01-12
Bob,,jack@example.com,2023-02-16
,38,jack@example.com,2023-01-19
Hank,32,ivy@example.com,2023-02-08
David,22,,2023-02-11
Ivy,30,eve@example.com,2023-01-20
Ivy,20,ivy@example.com,2023-04-24
Alice,32,david@example.com,2023-04-02
David,,ivy@example.com,2023-04-24
David,34,grace@example.com,2023-03-15
Grace,24,frank@example.com,2023-03-07
Eve,38,charlie@example.com,2023-04-04
Ivy,24,jack@example.com,2023-04-08
Hank,33,jack@example.com,2023-01-19
Hank,20,hank@example.com,2023-03-18
Alice,26,jack@example.com,2023-01-05
Ivy,26,alice@example.com,2023-04-06
David,25,hank@example.com,2023-03-11
Alice,21,jack@example.com,2023-01-26
Eve,30,grace@example.com,2023-01-25
Jack,24,grace@example.com,2023-04-22
Alice,39,ivy@example.com,2023-01-19
Grace,36,frank@example.com,2023-04-23
David,,grace@example.com,2023-01-14
David,38,jack@example.com,2023-04-02
Eve,,grace@example.com,2023-03-26
Alice,29,ivy@example.com,2023-02-17
Alice,24,alice@example.com,2023-01-13
Hank,32,frank@example.com,2023-01-22
Frank,25,alice@example.com,2023-02-25
Charlie,24,ivy@example.com,2023-01-19
Alice,36,,2023-02-06
Grace,,ivy@example.com,2023-04-21
,20,jack@example.com,2023-02-16
Ivy,27,bob@example.com,2023-03-10
Eve,37,ivy@example.com,2023-04-22
,28,david@example.com,2023-01-11
Charlie,34,ivy@example.com,2023-03-05
Bob,33,,2023-03-05
Alice,38,frank@example.com,2023-03-21
Frank,30,charlie@example.com,2023-02-19
Grace,37,alice@example.com,2023-01-01
Ivy,28,grace@example.com,2023-02-09
Charlie,20,david@example.com,2023-04-24
Alice,34,ivy@example.com,2023-02-16
Grace,,ivy@example.com,2023-04-28
Alice,,ivy@example.com,2023-02-10
Frank,33,hank@example.com,2023-03-27
Frank,26,alice@example.com,2023-03-16
Grace,37,frank@example.com,2023-02-15
Charlie,34,grace@example.com,2023-02-19
Bob,33,ivy@example.com,2023-01-08
Hank,31,,2023-03-11
Hank,27,charlie@example.com,2023-02-16
Bob,34,frank@example.com,2023-01-20
Alice,36,charlie@example.com,2023-02-17
Hank,34,alice@example.com,2023-04-12
Alice,34,bob@example.com,2023-03-19
Grace,27,eve@example.com,2023-02-08
Bob,,jack@example.com,2023-02-17
Hank,32,,2023-02-02
Eve,35,,2023-03-02
David,32,,2023-02-11
Bob,29,ivy@example.com,2023-04-30
,27,david@example.com,2023-01-17
Grace,34,hank@example.com,2023-01-18
Grace,25,grace@example.com,2023-03-12
Ivy,37,jack@example.com,2023-02-24
Ivy,,charlie@example.com,2023-02-04
David,32,,2023-02-11
Frank,,ivy@example.com,2023-01-14
Ivy,,hank@example.com,2023-01-24
Hank,34,bob@example.com,2023-03-30
Charlie,28,charlie@example.com,2023-04-19
David,25,frank@example.com,2023-01-28
Alice,21,jack@example.com,2023-03-11
Alice,23,grace@example.com,2023-01-26
Frank,39,ivy@example.com,2023-01-25
,21,eve@example.com,2023-01-18
Frank,27,ivy@example.com,2023-04-07
Frank,23,ivy@example.com,2023-01-10
Alice,28,ivy@example.com,2023-04-20
,,,2023-01-02
Jack,38,bob@example.com,2023-01-07
Ivy,38,eve@example.com,2023-03-27
David,25,grace@example.com,2023-03-01
Charlie,30,alice@example.com,2023-01-13
Hank,26,ivy@example.com,2023-03-30
David,39,alice@example.com,2023-01-23
Grace,20,alice@example.com,2023-02-04
Jack,29,ivy@example.com,2023-04-11
Eve,,charlie@example.com,2023-04-28
Bob,,david@example.com,2023-02-11
Frank,,charlie@example.com,2023-03-29
Bob,24,,2023-03-19
Hank,27,grace@example.com,2023-02-04
David,20,hank@example.com,2023-04-21
,39,,2023-01-27
Eve,,charlie@example.com,2023-04-28
,20,charlie@example.com,2023-03-21
Hank,27,frank@example.com,2023-01-26
Eve,21,bob@example.com,2023-01-14
Frank,23,bob@example.com,2023-04-29
Jack,33,alice@example.com,2023-03-18
Hank,22,,2023-04-11
Bob,30,ivy@example.com,2023-01-06
Alice,20,grace@example.com,2023-02-09
Hank,34,bob@example.com,2023-01-09
David,22,,2023-02-11
Alice,36,frank@example.com,2023-02-23
Ivy,24,frank@example.com,2023-04-24
Bob,24,frank@example.com,2023-01-09
David,28,hank@example.com,2023-04-05
Bob,24,bob@example.com,2023-04-30
